{
    "levelId": 7,
    "levelName": "Level7",
    "width": 6,
    "height": 6,
    "flattenedCollapseValues": [
        0.5,
        0.0,
        0.0,
        0.0,
        0.0,
        0.30000001192092898,
        0.0,
        0.5,
        3.043619335694991e-18,
        5.139814367481815e-20,
        0.5,
        0.0,
        0.0,
        3.043619335694991e-18,
        4.944108979246812e-18,
        1.434336455443355e-18,
        1.3567485877341517e-20,
        0.0,
        0.0,
        5.1398163061863756e-20,
        1.434336455443355e-18,
        1.4366969187188517e-18,
        1.3595093030285475e-20,
        0.0,
        0.0,
        0.5,
        3.390186815851513e-21,
        3.417769734988462e-21,
        0.5,
        1.0594417734336293e-23,
        0.30000001192092898,
        0.0,
        0.0,
        0.0,
        1.0596986265443693e-23,
        0.5
    ]
}