{
    "levelId": 6,
    "levelName": "Level6",
    "width": 5,
    "height": 5,
    "flattenedCollapseValues": [
        0.30000001192092898,
        0.30000001192092898,
        0.30000001192092898,
        0.30000001192092898,
        0.30000001192092898,
        0.5,
        0.5,
        0.5,
        0.5,
        0.5,
        0.5,
        0.5,
        0.5,
        0.5,
        0.5,
        0.8500000238418579,
        0.8500000238418579,
        0.8500000238418579,
        0.8500000238418579,
        0.8500000238418579,
        0.8500000238418579,
        0.8500000238418579,
        0.8500000238418579,
        0.8500000238418579,
        0.8500000238418579
    ]
}