{
    "levelId": 2,
    "levelName": "Level2",
    "width": 3,
    "height": 3,
    "flattenedCollapseValues": [
        0.30000001192092898,
        0.0,
        0.30000001192092898,
        0.0,
        0.0,
        0.0,
        0.30000001192092898,
        0.0,
        0.30000001192092898
    ]
}