{
    "levelId": 6,
    "levelName": "Level6",
    "width": 5,
    "height": 5,
    "flattenedCollapseValues": [
        1.7783878810746254e-41,
        2.9638863818934208e-41,
        0.5,
        2.9638863818934208e-41,
        1.7783878810746254e-41,
        0.0,
        0.30000001192092898,
        0.699999988079071,
        0.30000001192092898,
        0.0,
        0.0,
        0.5,
        0.8500000238418579,
        0.5,
        0.0,
        0.0,
        0.5,
        1.0,
        0.5,
        0.0,
        0.0,
        0.0,
        1.0,
        0.0,
        0.0
    ]
}