{
    "levelId": 5,
    "levelName": "Level5",
    "width": 3,
    "height": 3,
    "flattenedCollapseValues": [
        0.0,
        0.0,
        2.2015884899203755e-27,
        0.0,
        0.5,
        0.0,
        3.554910464436072e-21,
        0.0,
        0.0
    ]
}