{
    "levelId": 7,
    "levelName": "Level7",
    "width": 6,
    "height": 6,
    "flattenedCollapseValues": [
        0.699999988079071,
        0.5,
        0.5,
        0.5,
        0.5,
        0.699999988079071,
        0.5,
        0.699999988079071,
        0.5,
        0.5,
        0.699999988079071,
        0.5,
        0.5,
        0.5,
        0.699999988079071,
        0.699999988079071,
        0.5,
        0.5,
        0.5,
        0.5,
        0.699999988079071,
        0.699999988079071,
        0.5,
        0.5,
        0.5,
        0.699999988079071,
        0.5,
        0.5,
        0.699999988079071,
        0.5,
        0.699999988079071,
        0.5,
        0.5,
        0.5,
        0.5,
        0.699999988079071
    ]
}