{
    "levelId": 14,
    "levelName": "Level14",
    "width": 9,
    "height": 9,
    "flattenedCollapseValues": [
        0.30000001192092898,
        0.5,
        0.5,
        0.8500000238418579,
        1.0,
        1.0,
        0.8500000238418579,
        0.0,
        0.0,
        0.8500000238418579,
        0.699999988079071,
        1.0,
        1.0,
        1.0,
        1.0,
        1.0,
        1.0,
        0.0,
        0.8500000238418579,
        1.0,
        1.0,
        1.0,
        1.0,
        1.0,
        1.0,
        1.0,
        0.8500000238418579,
        0.8500000238418579,
        1.0,
        1.0,
        1.0,
        1.0,
        1.0,
        1.0,
        1.0,
        0.5,
        1.0,
        1.0,
        1.0,
        1.0,
        1.0,
        1.0,
        1.0,
        0.8500000238418579,
        0.0,
        0.8500000238418579,
        1.0,
        1.0,
        1.0,
        1.0,
        1.0,
        1.0,
        1.0,
        0.5,
        0.8500000238418579,
        1.0,
        1.0,
        1.0,
        1.0,
        1.0,
        1.0,
        1.0,
        0.8500000238418579,
        0.8500000238418579,
        0.699999988079071,
        1.0,
        1.0,
        1.0,
        1.0,
        1.0,
        1.0,
        2.1650798487371504e-7,
        0.30000001192092898,
        0.5,
        0.5,
        0.8500000238418579,
        1.0,
        1.0,
        0.8500000238418579,
        3.164846020808909e-7,
        0.0
    ]
}