{
    "levelId": 12,
    "levelName": "Level12",
    "width": 7,
    "height": 7,
    "flattenedCollapseValues": [
        0.0,
        0.0,
        0.0,
        1.2873298053110483e-16,
        3.539856926667806e-27,
        4.71143757117598e-28,
        0.30000001192092898,
        0.0,
        0.0,
        0.0,
        0.5,
        5.517127264372714e-17,
        0.30000001192092898,
        0.0,
        0.0,
        0.0,
        0.0,
        9.195214313102823e-17,
        1.1166695891952745e-27,
        0.0,
        0.0,
        0.5,
        0.699999988079071,
        0.699999988079071,
        0.8500000238418579,
        0.699999988079071,
        0.699999988079071,
        0.5,
        0.0,
        0.0,
        0.0,
        9.195214313102823e-17,
        5.517522987577759e-17,
        0.0,
        0.0,
        1.401298464324817e-45,
        1.401298464324817e-45,
        0.0,
        0.5,
        5.526943582138003e-17,
        0.5,
        3.6833750870778949e-22,
        1.401298464324817e-45,
        1.401298464324817e-45,
        0.0,
        1.2873298053110483e-16,
        5.5172291730241806e-17,
        1.5520605312266441e-21,
        0.30000001192092898
    ]
}