{
    "levelId": 8,
    "levelName": "Level8",
    "width": 6,
    "height": 6,
    "flattenedCollapseValues": [
        0.0,
        0.699999988079071,
        0.30000001192092898,
        2.0846166913219063e-22,
        0.699999988079071,
        0.0,
        0.5,
        0.8500000238418579,
        0.5,
        0.5,
        0.699999988079071,
        0.30000001192092898,
        0.30000001192092898,
        0.8500000238418579,
        0.5,
        0.5,
        0.8500000238418579,
        0.30000001192092898,
        0.30000001192092898,
        0.8500000238418579,
        0.5,
        0.5,
        0.8500000238418579,
        0.30000001192092898,
        0.30000001192092898,
        0.699999988079071,
        0.5,
        0.5,
        0.8500000238418579,
        0.5,
        0.0,
        0.699999988079071,
        1.478699256453251e-23,
        0.30000001192092898,
        0.699999988079071,
        0.0
    ]
}