{
    "levelId": 8,
    "levelName": "Level8",
    "width": 6,
    "height": 6,
    "flattenedCollapseValues": [
        0.699999988079071,
        0.5,
        0.30000001192092898,
        0.30000001192092898,
        0.5,
        0.699999988079071,
        0.699999988079071,
        0.5,
        0.5,
        0.5,
        0.5,
        0.699999988079071,
        0.699999988079071,
        0.5,
        0.5,
        0.5,
        0.5,
        0.699999988079071,
        0.699999988079071,
        0.5,
        0.5,
        0.5,
        0.5,
        0.699999988079071,
        0.699999988079071,
        0.5,
        0.5,
        0.5,
        0.5,
        0.699999988079071,
        0.699999988079071,
        0.5,
        0.30000001192092898,
        0.30000001192092898,
        0.5,
        0.699999988079071
    ]
}