{
    "levelId": 9,
    "levelName": "Level9",
    "width": 5,
    "height": 5,
    "flattenedCollapseValues": [
        0.8500000238418579,
        0.8500000238418579,
        0.0,
        0.0,
        0.0,
        0.8500000238418579,
        0.8500000238418579,
        6.967846845297096e-14,
        0.0,
        0.0,
        1.0,
        0.699999988079071,
        6.967930193339106e-14,
        0.0,
        0.0,
        0.8500000238418579,
        0.8500000238418579,
        6.967846845297096e-14,
        0.0,
        0.0,
        0.8500000238418579,
        0.8500000238418579,
        0.0,
        0.0,
        0.0
    ]
}