{
    "levelId": 6,
    "levelName": "Level6",
    "width": 5,
    "height": 5,
    "flattenedCollapseValues": [
        0.0,
        8.127531093083939e-44,
        0.5,
        6.025583396596713e-44,
        0.0,
        1.401298464324817e-45,
        0.30000001192092898,
        0.699999988079071,
        0.30000001192092898,
        0.0,
        1.401298464324817e-45,
        0.5,
        0.8500000238418579,
        0.5,
        1.401298464324817e-45,
        8.127531093083939e-44,
        0.5,
        1.0,
        0.5,
        6.025583396596713e-44,
        0.0,
        0.5,
        1.0,
        0.5,
        0.0
    ]
}