{
    "levelId": 1,
    "levelName": "Level1",
    "width": 3,
    "height": 3,
    "flattenedCollapseValues": [
        0.34334489703178408,
        0.059793274849653247,
        0.015009567141532898,
        6.704598263240769e-7,
        0.0000034349939141975485,
        6.746527105860878e-7,
        0.015006432309746743,
        0.059782158583402637,
        0.343332976102829
    ]
}