{
    "levelId": 1,
    "levelName": "Level1",
    "width": 3,
    "height": 3,
    "flattenedCollapseValues": [
        0.006378385238349438,
        0.0,
        0.0,
        0.0,
        0.000028909111279062927,
        0.0,
        0.0,
        0.0,
        0.30000001192092898
    ]
}