{
    "levelId": 13,
    "levelName": "Level13",
    "width": 8,
    "height": 8,
    "flattenedCollapseValues": [
        1.0,
        1.0,
        1.0,
        1.6665502506368617e-40,
        0.0,
        0.0,
        0.0,
        0.0,
        1.0,
        1.0,
        1.0,
        3.4375808948515499e-14,
        0.0,
        0.0,
        0.0,
        0.0,
        1.0,
        1.0,
        1.0,
        3.4375808948515499e-14,
        0.0,
        0.0,
        0.0,
        0.0,
        1.0,
        1.0,
        1.0,
        2.777583751061436e-40,
        0.0,
        0.0,
        0.0,
        0.0,
        1.0,
        1.0,
        1.0,
        2.777583751061436e-40,
        1.401298464324817e-45,
        0.0,
        0.0,
        0.0,
        1.0,
        1.0,
        1.0,
        3.4375808948515499e-14,
        0.0,
        0.0,
        0.0,
        0.0,
        1.0,
        1.0,
        1.0,
        3.4375808948515499e-14,
        0.0,
        0.0,
        0.0,
        0.0,
        1.0,
        1.0,
        1.0,
        1.6665502506368617e-40,
        0.0,
        0.0,
        0.0,
        0.0
    ]
}