{
    "levelId": 1,
    "levelName": "Level1",
    "width": 3,
    "height": 3,
    "flattenedCollapseValues": [
        0.3446348309516907,
        0.00007195080252131447,
        0.01687641255557537,
        0.061690885573625568,
        0.00028500164626166224,
        0.061578039079904559,
        0.01679048128426075,
        0.00007416496373480186,
        0.3444545269012451
    ]
}