{
    "levelId": 2,
    "levelName": "Level2",
    "width": 3,
    "height": 3,
    "flattenedCollapseValues": [
        0.333484947681427,
        0.00009157699241768569,
        0.33346402645111086,
        4.866853031693097e-10,
        5.123900193026998e-10,
        4.893362381963584e-10,
        0.3334864377975464,
        0.0000922077233553864,
        0.3334653079509735
    ]
}