{
    "levelId": 1,
    "levelName": "LevelPrefab",
    "width": 7,
    "height": 7,
    "flattenedCollapseValues": [
        4.2425915211530277e-15,
        4.140905215835149e-15,
        0.0,
        0.12678313255310059,
        0.0,
        2.2166005196697787e-15,
        2.1634727073938577e-15,
        6.871673792729601e-15,
        6.710327992321286e-15,
        0.0,
        0.14104823768138886,
        0.0,
        3.590192345617662e-15,
        3.5058949914322037e-15,
        7.629197803832224e-15,
        7.455443394263108e-15,
        0.0,
        0.14265106618404389,
        0.0,
        3.985957902310393e-15,
        3.895177569704887e-15,
        6.910132476666735e-15,
        6.757833835168044e-15,
        0.0,
        0.1428113430738449,
        0.0,
        3.610261097236958e-15,
        3.530691880963073e-15,
        5.325079298953289e-15,
        5.212016070604364e-15,
        0.0,
        0.14265106618404389,
        0.0,
        2.782126725585322e-15,
        2.7230563419097018e-15,
        3.4329093387408528e-15,
        3.363154057952093e-15,
        0.0,
        0.14104823768138886,
        0.0,
        1.7935441966912244e-15,
        1.757100074740016e-15,
        1.6127837658571308e-15,
        1.5811454970904066e-15,
        0.0,
        0.12678313255310059,
        0.0,
        8.426071471653374e-16,
        8.260776697765842e-16
    ]
}