{
    "levelId": 3,
    "levelName": "Level3",
    "width": 5,
    "height": 5,
    "flattenedCollapseValues": [
        0.30000001192092898,
        0.0,
        0.0,
        0.0,
        0.30000001192092898,
        0.0,
        0.5,
        1.027831881691547e-17,
        0.5,
        0.0,
        0.0,
        1.027831881691547e-17,
        0.30000001192092898,
        1.027831881691547e-17,
        0.0,
        0.0,
        0.5,
        2.271813502068713e-18,
        0.5,
        0.0,
        0.30000001192092898,
        0.0,
        0.0,
        0.0,
        0.30000001192092898
    ]
}