{
    "levelId": 3,
    "levelName": "Level3",
    "width": 5,
    "height": 5,
    "flattenedCollapseValues": [
        0.0,
        0.0,
        0.30000001192092898,
        0.0,
        0.0,
        0.0,
        0.0,
        0.30000001192092898,
        0.0,
        0.0,
        0.30000001192092898,
        0.30000001192092898,
        0.30000001192092898,
        0.30000001192092898,
        0.30000001192092898,
        0.0,
        0.0,
        0.30000001192092898,
        0.0,
        0.0,
        0.0,
        0.0,
        0.30000001192092898,
        0.0,
        0.0
    ]
}