{
    "levelId": 10,
    "levelName": "Level10",
    "width": 6,
    "height": 6,
    "flattenedCollapseValues": [
        0.699999988079071,
        0.699999988079071,
        0.30000001192092898,
        0.30000001192092898,
        0.699999988079071,
        0.699999988079071,
        0.0,
        0.8500000238418579,
        5.092206963894748e-37,
        5.092206963894748e-37,
        0.30000001192092898,
        2.0739897069918306e-36,
        5.09221907111348e-37,
        0.699999988079071,
        0.5,
        0.30000001192092898,
        0.699999988079071,
        8.075192919527438e-31,
        8.940837303823258e-31,
        0.699999988079071,
        0.30000001192092898,
        0.5,
        0.699999988079071,
        8.940837303823258e-31,
        8.07518163478167e-31,
        0.30000001192092898,
        0.0,
        0.0,
        0.8500000238418579,
        0.0,
        0.699999988079071,
        0.699999988079071,
        0.30000001192092898,
        0.30000001192092898,
        0.699999988079071,
        0.699999988079071
    ]
}