{
    "levelId": 11,
    "levelName": "Level11",
    "width": 6,
    "height": 6,
    "flattenedCollapseValues": [
        0.699999988079071,
        0.0,
        0.0,
        0.0,
        0.0,
        0.0,
        3.8905155522444988e-25,
        0.0,
        0.0,
        0.30000001192092898,
        0.30000001192092898,
        5.431817563540221e-18,
        1.7044658734125877e-26,
        0.0,
        0.0,
        0.0,
        0.30000001192092898,
        1.6668112859417136e-17,
        6.473709981498458e-27,
        0.30000001192092898,
        0.0,
        0.0,
        0.0,
        1.2668257846359819e-16,
        1.9653265747366268e-27,
        0.30000001192092898,
        0.30000001192092898,
        0.0,
        0.0,
        4.7507113396178319e-15,
        0.0,
        5.605193857299268e-45,
        8.547920632381384e-44,
        2.780176153220437e-42,
        1.2164671968803738e-40,
        1.0
    ]
}