{
    "levelId": 4,
    "levelName": "Level4",
    "width": 4,
    "height": 4,
    "flattenedCollapseValues": [
        0.30000001192092898,
        0.30000001192092898,
        0.0,
        0.0,
        0.30000001192092898,
        0.30000001192092898,
        0.0,
        0.0,
        0.0,
        0.0,
        0.30000001192092898,
        0.30000001192092898,
        0.0,
        0.0,
        0.30000001192092898,
        0.30000001192092898
    ]
}