{
    "levelId": 1,
    "levelName": "Level1",
    "width": 3,
    "height": 3,
    "flattenedCollapseValues": [
        3.1111113685255988e-9,
        0.0,
        0.0,
        0.0,
        7.620925401852219e-8,
        0.0,
        0.0,
        0.0,
        0.30000001192092898
    ]
}