{
    "levelId": 2,
    "levelName": "Level2",
    "width": 3,
    "height": 3,
    "flattenedCollapseValues": [
        0.33333393931388857,
        1.5547412246519344e-8,
        0.33332639932632449,
        1.0658891369530466e-7,
        1.0087429558325312e-7,
        1.0516254889125776e-7,
        0.3333263695240021,
        1.5721381529942847e-8,
        0.33333390951156618
    ]
}