{
    "levelId": 2,
    "levelName": "Level2",
    "width": 3,
    "height": 3,
    "flattenedCollapseValues": [
        7.596413732421925e-13,
        0.0,
        0.5,
        0.0,
        0.699999988079071,
        0.0,
        0.5,
        0.0,
        7.596691830279168e-13
    ]
}